"Number","Page","Url","Pdf","Bytes"
"01","Homepage","http://localhost:3000/","pdfs/01-homepage.pdf","1803585"
"02","Project Overview","http://localhost:3000/mhlc-overview.html","pdfs/02-overview.pdf","673400"
"03","Foundation","http://localhost:3000/mhlc-foundation.html","pdfs/03-foundation.pdf","1147056"
"04","Give","http://localhost:3000/mhlc-give.html","pdfs/04-give.pdf","592732"
"05","Events","http://localhost:3000/mhlc-events.html","pdfs/05-events.pdf","559332"
"06","Contributors","http://localhost:3000/mhlc-contributors.html","pdfs/06-contributors.pdf","560810"
"07","Letters of Support","http://localhost:3000/mhlc-letters-of-support.html","pdfs/07-letters.pdf","426378"
"08","Resources","http://localhost:3000/mhlc-resources.html","pdfs/08-resources.pdf","569594"
"09","Contact","http://localhost:3000/mhlc-contact.html","pdfs/09-contact.pdf","439431"
