"Page","Url","AssignedGroup","Reviewer","Location","IssueType","CurrentTextOrElement","SuggestedChange","Priority","Status"
"Homepage","http://localhost:3000/","","","","","","","",""
"Project Overview","http://localhost:3000/mhlc-overview.html","","","","","","","",""
"Foundation","http://localhost:3000/mhlc-foundation.html","","","","","","","",""
"Give","http://localhost:3000/mhlc-give.html","","","","","","","",""
"Events","http://localhost:3000/mhlc-events.html","","","","","","","",""
"Contributors","http://localhost:3000/mhlc-contributors.html","","","","","","","",""
"Letters of Support","http://localhost:3000/mhlc-letters-of-support.html","","","","","","","",""
"Resources","http://localhost:3000/mhlc-resources.html","","","","","","","",""
"Contact","http://localhost:3000/mhlc-contact.html","","","","","","","",""
